-- phpMyAdmin SQL Dump
-- version 5.2.2
-- https://www.phpmyadmin.net/
--
-- Host: localhost:3306
-- Generation Time: Oct 31, 2025 at 07:27 AM
-- Server version: 8.0.30
-- PHP Version: 8.3.23

SET SQL_MODE = "NO_AUTO_VALUE_ON_ZERO";
START TRANSACTION;
SET time_zone = "+00:00";


/*!40101 SET @OLD_CHARACTER_SET_CLIENT=@@CHARACTER_SET_CLIENT */;
/*!40101 SET @OLD_CHARACTER_SET_RESULTS=@@CHARACTER_SET_RESULTS */;
/*!40101 SET @OLD_COLLATION_CONNECTION=@@COLLATION_CONNECTION */;
/*!40101 SET NAMES utf8mb4 */;

--
-- Database: `puskesmas`
--

-- --------------------------------------------------------

--
-- Table structure for table `anak`
--

CREATE TABLE `anak` (
  `id` bigint UNSIGNED NOT NULL,
  `posyandu_id` bigint UNSIGNED NOT NULL,
  `nama` varchar(255) COLLATE utf8mb4_unicode_ci NOT NULL,
  `nik` varchar(16) COLLATE utf8mb4_unicode_ci NOT NULL,
  `kelamin` enum('L','P') COLLATE utf8mb4_unicode_ci NOT NULL,
  `tanggal_lahir` date NOT NULL,
  `berat_lahir` double(8,2) NOT NULL,
  `tinggi_lahir` double(8,2) NOT NULL,
  `created_at` timestamp NULL DEFAULT NULL,
  `updated_at` timestamp NULL DEFAULT NULL
) ENGINE=InnoDB DEFAULT CHARSET=utf8mb4 COLLATE=utf8mb4_unicode_ci;

--
-- Dumping data for table `anak`
--

INSERT INTO `anak` (`id`, `posyandu_id`, `nama`, `nik`, `kelamin`, `tanggal_lahir`, `berat_lahir`, `tinggi_lahir`, `created_at`, `updated_at`) VALUES
(11, 1, 'Aisyah Pramudita', '6471011000000001', 'P', '2024-10-08', 2.10, 45.10, '2025-09-22 04:02:57', '2025-10-11 23:14:38'),
(13, 1, 'Tegar Ramadhani', '6471011000000003', 'L', '2024-01-28', 2.30, 45.30, '2025-09-22 04:02:57', '2025-10-11 08:10:58'),
(14, 1, 'Nadia Permata', '6471011000000004', 'P', '2025-04-04', 2.40, 45.40, '2025-09-22 04:02:57', '2025-10-11 08:10:58'),
(15, 1, 'Galang Pramudita', '6471011000000005', 'L', '2025-03-08', 2.50, 45.50, '2025-09-22 04:02:57', '2025-10-11 08:10:58'),
(16, 5, 'Kirana Pratama', '6471011000000006', 'P', '2024-04-04', 2.60, 45.60, '2025-09-22 04:02:57', '2025-10-11 08:10:58'),
(17, 5, 'Juna Mahendra', '6471011000000007', 'L', '2024-02-14', 2.70, 45.70, '2025-09-22 04:02:57', '2025-10-11 08:10:58'),
(18, 5, 'Maya Pratama', '6471011000000008', 'P', '2025-07-19', 2.80, 45.80, '2025-09-22 04:02:57', '2025-10-11 08:10:58'),
(19, 5, 'Laila Ramadhani', '6471011000000009', 'P', '2024-07-15', 2.90, 45.90, '2025-09-22 04:02:57', '2025-10-11 08:10:58'),
(20, 5, 'Kenzu Pratama', '6471011000000010', 'L', '2024-12-17', 3.00, 46.00, '2025-09-22 04:02:57', '2025-10-17 02:25:01'),
(21, 6, 'Naufal Sari', '6471011000000011', 'L', '2025-01-14', 3.10, 46.10, '2025-09-22 04:02:57', '2025-10-11 08:10:58'),
(22, 6, 'Bella Ramadhani', '6471011000000012', 'P', '2024-06-24', 3.20, 46.20, '2025-09-22 04:02:57', '2025-10-11 08:10:58'),
(23, 6, 'Juna Fauziah', '6471011000000013', 'L', '2025-07-24', 3.30, 46.30, '2025-09-22 04:02:57', '2025-10-11 08:10:58'),
(24, 6, 'Audrey Permata', '6471011000000014', 'P', '2024-02-02', 3.40, 46.40, '2025-09-22 04:02:57', '2025-10-11 08:10:58'),
(25, 6, 'Ahmad Wulandari', '6471011000000015', 'L', '2024-06-17', 3.50, 46.50, '2025-09-22 04:02:57', '2025-10-11 08:10:58'),
(26, 7, 'Putri Kurnia', '6471011000000016', 'P', '2025-01-31', 3.60, 46.60, '2025-09-22 04:02:57', '2025-10-11 08:10:58'),
(27, 7, 'Lukman Saputra', '6471011000000017', 'L', '2024-05-29', 3.70, 46.70, '2025-09-22 04:02:57', '2025-10-11 08:10:58'),
(28, 7, 'Citra Anggraini', '6471011000000018', 'P', '2024-07-06', 3.80, 46.80, '2025-09-22 04:02:57', '2025-10-11 08:10:58'),
(29, 7, 'Baihaqi Ramadhani', '6471011000000019', 'L', '2024-02-18', 3.90, 46.90, '2025-09-22 04:02:57', '2025-10-11 08:10:58'),
(30, 7, 'Hafiz Wulandari', '6471011000000020', 'L', '2024-12-03', 4.00, 47.00, '2025-09-22 04:02:57', '2025-10-11 08:10:58'),
(31, 8, 'Farhan Ramadhani', '6471011000000021', 'L', '2024-09-07', 3.10, 47.10, '2025-09-22 04:02:57', '2025-10-11 08:10:58'),
(32, 8, 'Qaira Anindya', '6471011000000022', 'P', '2024-08-29', 3.20, 47.20, '2025-09-22 04:02:57', '2025-10-11 08:10:58'),
(33, 8, 'Indah Ramadhani', '6471011000000023', 'P', '2024-11-18', 3.30, 47.30, '2025-09-22 04:02:57', '2025-10-11 08:10:58'),
(34, 8, 'Wildan Pramudita', '6471011000000024', 'L', '2024-10-31', 3.40, 47.40, '2025-09-22 04:02:57', '2025-10-11 08:10:58'),
(35, 8, 'Dewi Anindya', '6471011000000025', 'P', '2024-12-23', 3.50, 47.50, '2025-09-22 04:02:57', '2025-10-11 08:10:58'),
(36, 9, 'Galang Mahendra', '6471011000000026', 'L', '2024-04-07', 3.60, 47.60, '2025-09-22 04:02:57', '2025-10-11 08:10:58'),
(37, 9, 'Indah Anindya', '6471011000000027', 'P', '2024-06-16', 3.70, 47.70, '2025-09-22 04:02:57', '2025-10-11 08:10:58'),
(38, 9, 'Naufal Pratama', '6471011000000028', 'L', '2025-07-04', 3.80, 47.80, '2025-09-22 04:02:57', '2025-10-11 08:10:58'),
(39, 9, 'Rizky Utami', '6471011000000029', 'L', '2025-01-09', 3.90, 47.90, '2025-09-22 04:02:57', '2025-10-11 08:10:58'),
(40, 9, 'Gisella Sari', '6471011000000030', 'P', '2025-02-23', 4.00, 48.00, '2025-09-22 04:02:57', '2025-10-11 08:10:58'),
(41, 10, 'Hana Kurnia', '6471011000000031', 'P', '2024-02-19', 2.40, 48.10, '2025-09-22 04:02:57', '2025-10-11 08:10:58'),
(42, 10, 'Zahra Saputra', '6471011000000032', 'P', '2024-09-21', 2.50, 48.20, '2025-09-22 04:02:57', '2025-10-11 08:10:58'),
(43, 10, 'Syawal Kurnia', '6471011000000033', 'L', '2024-03-05', 2.60, 48.30, '2025-09-22 04:02:57', '2025-10-11 08:10:58'),
(44, 10, 'Rizky Mahendra', '6471011000000034', 'L', '2024-07-19', 2.70, 48.40, '2025-09-22 04:02:57', '2025-10-11 08:10:58'),
(45, 10, 'Indah Pratama', '6471011000000035', 'P', '2024-09-10', 2.80, 48.50, '2025-09-22 04:02:57', '2025-10-11 08:10:58'),
(46, 11, 'Galang Pratama', '6471011000000036', 'L', '2024-08-09', 2.90, 48.60, '2025-09-22 04:02:57', '2025-10-11 08:10:58'),
(47, 11, 'Farhan Fauziah', '6471011000000037', 'L', '2024-05-18', 3.00, 48.70, '2025-09-22 04:02:57', '2025-10-11 08:10:58'),
(48, 11, 'Zidan Wulandari', '6471011000000038', 'L', '2024-10-10', 3.10, 48.80, '2025-09-22 04:02:57', '2025-10-11 08:10:58'),
(49, 11, 'Syofiah Sari', '6471011000000039', 'P', '2024-03-05', 3.20, 48.90, '2025-09-22 04:02:57', '2025-10-11 08:10:58'),
(50, 11, 'Hana Saputra', '6471011000000040', 'P', '2025-04-02', 3.30, 49.00, '2025-09-22 04:02:57', '2025-10-11 08:10:58'),
(51, 12, 'Kenzu Sari', '6471011000000041', 'L', '2025-03-01', 2.90, 49.10, '2025-09-22 04:02:57', '2025-10-11 08:10:58'),
(52, 12, 'Satria Anggraini', '6471011000000042', 'L', '2025-03-09', 3.00, 49.20, '2025-09-22 04:02:57', '2025-10-11 08:10:58'),
(53, 12, 'Qaira Sari', '6471011000000043', 'P', '2024-07-13', 3.10, 49.30, '2025-09-22 04:02:57', '2025-10-11 08:10:58'),
(54, 12, 'Salsabila Anindya', '6471011000000044', 'P', '2024-11-17', 3.20, 49.40, '2025-09-22 04:02:57', '2025-10-11 08:10:58'),
(62, 1, 'Wildan Pratama', '6471011000000002', 'L', '2025-08-27', 2.20, 45.20, '2025-09-25 01:24:34', '2025-10-11 08:10:58'),
(64, 12, 'Rani Sari', '6471011000000045', 'P', '2024-02-28', 3.30, 49.50, '2025-10-11 08:10:58', '2025-10-11 08:10:58'),
(65, 14, 'Zidan Pratama', '6471011000000046', 'L', '2024-08-28', 3.40, 49.60, '2025-10-11 08:10:58', '2025-10-11 08:10:58'),
(66, 14, 'Syofiah Ramadhani', '6471011000000047', 'P', '2024-02-10', 3.50, 49.70, '2025-10-11 08:10:58', '2025-10-11 08:10:58'),
(67, 14, 'Rani Fatimah', '6471011000000048', 'P', '2024-09-24', 3.60, 49.80, '2025-10-11 08:10:58', '2025-10-11 08:10:58'),
(68, 14, 'Raka Sari', '6471011000000049', 'L', '2024-11-03', 3.70, 49.90, '2025-10-11 08:10:58', '2025-10-11 08:10:58'),
(69, 14, 'Aisyah Saputra', '6471011000000050', 'P', '2025-07-30', 4.00, 50.00, '2025-10-11 08:10:58', '2025-10-11 08:10:58'),
(73, 17, 'Auren', '6471011012000010', 'P', '2024-12-12', 3.50, 35.40, '2025-10-20 00:00:31', '2025-10-20 00:00:31');

-- --------------------------------------------------------

--
-- Table structure for table `bumil`
--

CREATE TABLE `bumil` (
  `id` bigint UNSIGNED NOT NULL,
  `posyandu_id` bigint UNSIGNED NOT NULL,
  `nama` varchar(255) COLLATE utf8mb4_unicode_ci NOT NULL,
  `nik` varchar(16) COLLATE utf8mb4_unicode_ci NOT NULL,
  `tanggal_lahir` date NOT NULL,
  `created_at` timestamp NULL DEFAULT NULL,
  `updated_at` timestamp NULL DEFAULT NULL
) ENGINE=InnoDB DEFAULT CHARSET=utf8mb4 COLLATE=utf8mb4_unicode_ci;

-- --------------------------------------------------------

--
-- Table structure for table `data`
--

CREATE TABLE `data` (
  `id` bigint UNSIGNED NOT NULL,
  `created_at` timestamp NULL DEFAULT NULL,
  `updated_at` timestamp NULL DEFAULT NULL
) ENGINE=InnoDB DEFAULT CHARSET=utf8mb4 COLLATE=utf8mb4_unicode_ci;

-- --------------------------------------------------------

--
-- Table structure for table `failed_jobs`
--

CREATE TABLE `failed_jobs` (
  `id` bigint UNSIGNED NOT NULL,
  `uuid` varchar(255) COLLATE utf8mb4_unicode_ci NOT NULL,
  `connection` text COLLATE utf8mb4_unicode_ci NOT NULL,
  `queue` text COLLATE utf8mb4_unicode_ci NOT NULL,
  `payload` longtext COLLATE utf8mb4_unicode_ci NOT NULL,
  `exception` longtext COLLATE utf8mb4_unicode_ci NOT NULL,
  `failed_at` timestamp NOT NULL DEFAULT CURRENT_TIMESTAMP
) ENGINE=InnoDB DEFAULT CHARSET=utf8mb4 COLLATE=utf8mb4_unicode_ci;

-- --------------------------------------------------------

--
-- Table structure for table `laporan_anak_bulanan`
--

CREATE TABLE `laporan_anak_bulanan` (
  `id` bigint UNSIGNED NOT NULL,
  `anak_id` bigint UNSIGNED NOT NULL,
  `tanggal_pemeriksaan` date NOT NULL,
  `berat_badan` double(8,2) NOT NULL,
  `tinggi_badan` double(8,2) NOT NULL,
  `lingkar_kepala` double(8,2) NOT NULL,
  `lingkar_lengan_atas` double(8,2) NOT NULL,
  `status` enum('Normal','Stunting') COLLATE utf8mb4_unicode_ci DEFAULT NULL,
  `created_at` timestamp NULL DEFAULT NULL,
  `updated_at` timestamp NULL DEFAULT NULL
) ENGINE=InnoDB DEFAULT CHARSET=utf8mb4 COLLATE=utf8mb4_unicode_ci;

--
-- Dumping data for table `laporan_anak_bulanan`
--

INSERT INTO `laporan_anak_bulanan` (`id`, `anak_id`, `tanggal_pemeriksaan`, `berat_badan`, `tinggi_badan`, `lingkar_kepala`, `lingkar_lengan_atas`, `status`, `created_at`, `updated_at`) VALUES
(182, 15, '2025-01-20', 5.10, 55.30, 37.10, 12.20, 'Normal', '2025-10-11 03:59:27', '2025-10-11 03:59:27'),
(183, 16, '2025-01-20', 5.20, 55.40, 37.20, 12.30, 'Normal', '2025-10-11 03:59:27', '2025-10-11 03:59:27'),
(184, 17, '2025-01-20', 5.30, 55.50, 37.30, 12.40, 'Normal', '2025-10-11 03:59:27', '2025-10-11 03:59:27'),
(185, 18, '2025-01-20', 5.40, 55.20, 37.40, 12.50, 'Normal', '2025-10-11 03:59:27', '2025-10-11 03:59:27'),
(186, 19, '2025-01-20', 5.50, 50.30, 37.50, 12.60, 'Stunting', '2025-10-11 03:59:27', '2025-10-11 03:59:27'),
(187, 15, '2025-02-20', 5.10, 55.30, 37.10, 12.20, 'Normal', '2025-10-11 03:59:27', '2025-10-11 03:59:27'),
(188, 16, '2025-02-20', 5.20, 55.40, 37.20, 12.30, 'Stunting', '2025-10-11 03:59:27', '2025-10-11 03:59:27'),
(189, 17, '2025-02-20', 5.30, 55.50, 37.30, 12.40, 'Normal', '2025-10-11 03:59:27', '2025-10-11 03:59:27'),
(190, 18, '2025-02-20', 5.40, 55.20, 37.40, 12.50, 'Normal', '2025-10-11 03:59:27', '2025-10-11 03:59:27'),
(191, 19, '2025-02-20', 5.50, 50.30, 37.50, 12.60, 'Stunting', '2025-10-11 03:59:27', '2025-10-11 03:59:27'),
(192, 15, '2025-03-20', 5.70, 58.20, 36.90, 12.20, 'Normal', '2025-10-11 03:59:27', '2025-10-11 03:59:27'),
(193, 16, '2025-03-20', 5.80, 58.30, 37.10, 12.30, 'Stunting', '2025-10-11 03:59:27', '2025-10-11 03:59:27'),
(194, 17, '2025-03-20', 5.90, 58.40, 37.20, 12.40, 'Normal', '2025-10-11 03:59:27', '2025-10-11 03:59:27'),
(195, 18, '2025-03-20', 5.60, 59.50, 37.30, 12.50, 'Normal', '2025-10-11 03:59:27', '2025-10-11 03:59:27'),
(196, 19, '2025-03-20', 5.80, 58.60, 37.40, 12.60, 'Stunting', '2025-10-11 03:59:27', '2025-10-11 03:59:27'),
(197, 15, '2025-04-20', 6.20, 60.20, 37.50, 12.50, 'Normal', '2025-10-11 03:59:27', '2025-10-11 03:59:27'),
(198, 16, '2025-04-20', 6.30, 60.30, 37.60, 12.60, 'Stunting', '2025-10-11 03:59:27', '2025-10-11 03:59:27'),
(199, 17, '2025-04-20', 6.40, 60.40, 37.70, 12.70, 'Normal', '2025-10-11 03:59:27', '2025-10-11 03:59:27'),
(200, 18, '2025-04-20', 6.50, 60.50, 37.80, 12.80, 'Normal', '2025-10-11 03:59:27', '2025-10-11 03:59:27'),
(201, 19, '2025-04-20', 6.60, 60.60, 37.90, 12.90, 'Stunting', '2025-10-11 03:59:27', '2025-10-11 03:59:27'),
(202, 15, '2025-05-20', 6.60, 61.80, 37.50, 12.20, 'Normal', '2025-10-11 03:59:27', '2025-10-11 03:59:27'),
(203, 16, '2025-05-20', 6.70, 62.30, 37.60, 12.30, 'Stunting', '2025-10-11 03:59:27', '2025-10-11 03:59:27'),
(204, 17, '2025-05-20', 6.80, 61.30, 37.70, 12.40, 'Stunting', '2025-10-11 03:59:27', '2025-10-11 03:59:27'),
(205, 18, '2025-05-20', 6.60, 62.40, 37.80, 12.50, 'Normal', '2025-10-11 03:59:27', '2025-10-11 03:59:27'),
(206, 19, '2025-05-20', 6.60, 61.40, 37.90, 12.60, 'Stunting', '2025-10-11 03:59:27', '2025-10-11 03:59:27'),
(207, 15, '2025-06-20', 7.20, 62.50, 38.50, 12.20, 'Stunting', '2025-10-11 03:59:27', '2025-10-11 03:59:27'),
(208, 16, '2025-06-20', 7.30, 62.60, 38.60, 12.30, 'Stunting', '2025-10-11 03:59:27', '2025-10-11 03:59:27'),
(209, 17, '2025-06-20', 7.30, 62.70, 38.70, 12.40, 'Stunting', '2025-10-11 03:59:27', '2025-10-11 03:59:27'),
(210, 18, '2025-06-20', 7.50, 62.80, 38.80, 12.50, 'Stunting', '2025-10-11 03:59:27', '2025-10-11 03:59:27'),
(211, 19, '2025-06-20', 7.30, 62.90, 38.90, 12.60, 'Stunting', '2025-10-11 03:59:27', '2025-10-11 03:59:27'),
(212, 15, '2025-07-20', 7.50, 63.20, 38.55, 13.20, 'Stunting', '2025-10-11 03:59:27', '2025-10-11 03:59:27'),
(213, 16, '2025-07-20', 7.60, 63.30, 38.56, 13.30, 'Stunting', '2025-10-11 03:59:27', '2025-10-11 03:59:27'),
(214, 17, '2025-07-20', 7.70, 63.40, 38.57, 13.40, 'Stunting', '2025-10-11 03:59:27', '2025-10-11 03:59:27'),
(215, 18, '2025-07-20', 7.80, 63.50, 38.58, 13.50, 'Stunting', '2025-10-11 03:59:27', '2025-10-11 03:59:27'),
(216, 19, '2025-07-20', 7.90, 63.60, 38.59, 13.60, 'Stunting', '2025-10-11 03:59:27', '2025-10-11 03:59:27'),
(217, 15, '2025-08-20', 8.40, 66.40, 38.73, 14.20, 'Normal', '2025-10-11 03:59:27', '2025-10-11 03:59:27'),
(218, 16, '2025-08-20', 8.50, 66.50, 38.74, 14.30, 'Stunting', '2025-10-11 03:59:27', '2025-10-11 03:59:27'),
(219, 17, '2025-08-20', 8.60, 66.60, 38.75, 14.40, 'Normal', '2025-10-11 03:59:27', '2025-10-11 03:59:27'),
(220, 18, '2025-08-20', 8.70, 66.70, 38.76, 14.50, 'Normal', '2025-10-11 03:59:27', '2025-10-11 03:59:27'),
(221, 19, '2025-08-20', 8.30, 66.80, 38.77, 14.60, 'Stunting', '2025-10-11 03:59:27', '2025-10-11 03:59:27'),
(222, 15, '2025-09-20', 9.30, 73.80, 39.50, 15.20, 'Normal', '2025-10-11 03:59:27', '2025-10-11 03:59:27'),
(223, 16, '2025-09-20', 9.40, 70.60, 39.60, 15.30, 'Normal', '2025-10-11 03:59:27', '2025-10-11 03:59:27'),
(224, 17, '2025-09-20', 9.50, 72.70, 39.70, 15.40, 'Normal', '2025-10-11 03:59:27', '2025-10-11 03:59:27'),
(225, 18, '2025-09-20', 9.60, 70.80, 39.80, 15.50, 'Normal', '2025-10-11 03:59:27', '2025-10-11 03:59:27'),
(226, 19, '2025-09-20', 9.70, 70.90, 39.90, 15.60, 'Normal', '2025-10-11 03:59:27', '2025-10-11 03:59:27'),
(227, 20, '2025-01-17', 6.00, 54.00, 12.00, 12.00, NULL, '2025-10-17 02:26:34', '2025-10-17 02:26:34');

-- --------------------------------------------------------

--
-- Table structure for table `laporan_bulanan_posyandu`
--

CREATE TABLE `laporan_bulanan_posyandu` (
  `id` bigint UNSIGNED NOT NULL,
  `posyandu_id` bigint UNSIGNED NOT NULL,
  `tanggal_laporan` date NOT NULL,
  `status` enum('sudah','belum') COLLATE utf8mb4_unicode_ci NOT NULL DEFAULT 'belum',
  `created_at` timestamp NULL DEFAULT NULL,
  `updated_at` timestamp NULL DEFAULT NULL
) ENGINE=InnoDB DEFAULT CHARSET=utf8mb4 COLLATE=utf8mb4_unicode_ci;

--
-- Dumping data for table `laporan_bulanan_posyandu`
--

INSERT INTO `laporan_bulanan_posyandu` (`id`, `posyandu_id`, `tanggal_laporan`, `status`, `created_at`, `updated_at`) VALUES
(5, 1, '2025-09-01', 'sudah', '2025-09-17 21:19:17', '2025-09-17 21:19:17'),
(39, 5, '2025-01-01', 'sudah', '2025-10-11 03:59:27', '2025-10-11 03:59:27'),
(40, 5, '2025-02-01', 'sudah', '2025-10-11 03:59:27', '2025-10-11 03:59:27'),
(41, 5, '2025-03-01', 'sudah', '2025-10-11 03:59:27', '2025-10-11 03:59:27'),
(42, 5, '2025-04-01', 'sudah', '2025-10-11 03:59:27', '2025-10-11 03:59:27'),
(43, 5, '2025-05-01', 'sudah', '2025-10-11 03:59:27', '2025-10-11 03:59:27'),
(44, 5, '2025-06-01', 'sudah', '2025-10-11 03:59:27', '2025-10-11 03:59:27'),
(45, 5, '2025-07-01', 'sudah', '2025-10-11 03:59:27', '2025-10-11 03:59:27'),
(46, 5, '2025-08-01', 'sudah', '2025-10-11 03:59:27', '2025-10-11 03:59:27'),
(47, 5, '2025-09-01', 'sudah', '2025-10-11 03:59:27', '2025-10-11 03:59:27'),
(48, 17, '2025-10-01', 'sudah', '2025-10-17 08:38:36', '2025-10-17 08:38:36');

-- --------------------------------------------------------

--
-- Table structure for table `migrations`
--

CREATE TABLE `migrations` (
  `id` int UNSIGNED NOT NULL,
  `migration` varchar(255) COLLATE utf8mb4_unicode_ci NOT NULL,
  `batch` int NOT NULL
) ENGINE=InnoDB DEFAULT CHARSET=utf8mb4 COLLATE=utf8mb4_unicode_ci;

--
-- Dumping data for table `migrations`
--

INSERT INTO `migrations` (`id`, `migration`, `batch`) VALUES
(1, '2014_10_12_000000_create_users_table', 1),
(2, '2014_10_12_100000_create_password_reset_tokens_table', 1),
(3, '2019_08_19_000000_create_failed_jobs_table', 1),
(4, '2019_12_14_000001_create_personal_access_tokens_table', 1),
(5, '2025_03_06_063225_create_data_table', 1),
(6, '2025_03_08_075950_create_posyandu_table', 1),
(10, '2025_04_10_035548_add_posyandu_id_to_users_table', 1),
(11, '2025_04_10_040345_drop_kader_id_from_posyandu_table', 2),
(21, '2025_03_08_080002_create_anak_table', 3),
(22, '2025_03_08_080023_create_bumil_table', 3),
(23, '2025_03_28_151013_create_notifications_table', 3),
(26, '2025_04_18_090739_create_laporan_anak_table', 4),
(27, '2025_04_18_090903_create_laporan_bulanan_table', 4),
(28, '2025_05_12_093045_create_tb_stunting_standar_table', 5),
(29, '2025_06_10_123648_create_pesans_table', 6),
(30, '2025_10_17_152908_add_remember_token_to_users', 7);

-- --------------------------------------------------------

--
-- Table structure for table `notifications`
--

CREATE TABLE `notifications` (
  `id` char(36) COLLATE utf8mb4_unicode_ci NOT NULL,
  `type` varchar(255) COLLATE utf8mb4_unicode_ci NOT NULL,
  `notifiable_type` varchar(255) COLLATE utf8mb4_unicode_ci NOT NULL,
  `notifiable_id` bigint UNSIGNED NOT NULL,
  `data` text COLLATE utf8mb4_unicode_ci NOT NULL,
  `read_at` timestamp NULL DEFAULT NULL,
  `created_at` timestamp NULL DEFAULT NULL,
  `updated_at` timestamp NULL DEFAULT NULL
) ENGINE=InnoDB DEFAULT CHARSET=utf8mb4 COLLATE=utf8mb4_unicode_ci;

--
-- Dumping data for table `notifications`
--

INSERT INTO `notifications` (`id`, `type`, `notifiable_type`, `notifiable_id`, `data`, `read_at`, `created_at`, `updated_at`) VALUES
('08e82a26-0ab6-466e-b303-480158bbfb44', 'App\\Notifications\\TambahNotifikasi', 'App\\Models\\User', 1, '{\"title\":\"Kader Bu Ayu (S2)\",\"message\":\" Berhasil menambahkan data anak bernama Audrey.\",\"kader_id\":3,\"anak_id\":5,\"posyandu_id\":2}', '2025-05-08 21:46:16', '2025-05-08 20:14:00', '2025-05-08 21:46:16'),
('0cd85531-e251-4e71-9aef-8c7b45706d4e', 'App\\Notifications\\TambahNotifikasi', 'App\\Models\\User', 1, '{\"title\":\"Kader Bu Ayu (S2)\",\"message\":\" Berhasil menambahkan data anak bernama Reylanda.\",\"kader_id\":5,\"anak_id\":63,\"posyandu_id\":5}', '2025-10-17 08:15:44', '2025-10-05 20:58:02', '2025-10-17 08:15:44'),
('11e3a5e3-3903-4f8f-9b66-4cc707118aeb', 'App\\Notifications\\TambahNotifikasi', 'App\\Models\\User', 1, '{\"title\":\"Kader Bu Fitri (S11)\",\"message\":\" Berhasil menambahkan data anak bernama Auren.\",\"kader_id\":7,\"anak_id\":71,\"posyandu_id\":16}', '2025-10-17 08:15:44', '2025-10-17 02:47:27', '2025-10-17 08:15:44'),
('34279bb5-ce7b-4e08-bb61-7fbf45aa6fd0', 'App\\Notifications\\TambahNotifikasi', 'App\\Models\\User', 1, '{\"title\":\"Kader Bu Fitri (S11)\",\"message\":\" Berhasil menambahkan data anak bernama Rocky.\",\"kader_id\":7,\"anak_id\":70,\"posyandu_id\":16}', '2025-10-17 08:15:44', '2025-10-17 02:45:29', '2025-10-17 08:15:44'),
('47e5384b-a880-4908-9768-58a2f6673cd8', 'App\\Notifications\\TambahNotifikasi', 'App\\Models\\User', 1, '{\"title\":\"Kader Bu Fitri (S11)\",\"message\":\" Berhasil menambahkan data anak bernama Rocky.\",\"kader_id\":8,\"anak_id\":72,\"posyandu_id\":17}', NULL, '2025-10-17 08:37:59', '2025-10-17 08:37:59'),
('681035d6-9eeb-4002-8766-8380cc195bcc', 'App\\Notifications\\TambahNotifikasi', 'App\\Models\\User', 1, '{\"title\":\"Kader Bu Rosa (S1)\",\"message\":\" Berhasil menambahkan data anak bernama Kinza.\",\"kader_id\":2,\"anak_id\":9,\"posyandu_id\":1}', '2025-09-21 23:25:49', '2025-09-21 23:08:54', '2025-09-21 23:25:49'),
('70e63d7c-b267-4d18-a897-3b5b72477830', 'App\\Notifications\\TambahNotifikasi', 'App\\Models\\User', 1, '{\"title\":\"Kader Bu Rosa (S1)\",\"message\":\" Berhasil menambahkan data anak bernama Tegar Ramdani.\",\"kader_id\":2,\"anak_id\":62,\"posyandu_id\":1}', '2025-10-17 08:15:44', '2025-09-25 01:24:37', '2025-10-17 08:15:44'),
('80a738ea-05cc-44cb-afc5-e4561e99cde2', 'App\\Notifications\\TambahNotifikasi', 'App\\Models\\User', 1, '{\"title\":\"Kader Bu Rosa (S1)\",\"message\":\" Berhasil menambahkan data anak bernama Dewi Sinta.\",\"kader_id\":2,\"anak_id\":3,\"posyandu_id\":1}', '2025-05-07 04:13:38', '2025-05-07 03:25:57', '2025-05-07 04:13:38'),
('aeff224c-f9fb-4ba0-8fca-b7ec4fa84528', 'App\\Notifications\\TambahNotifikasi', 'App\\Models\\User', 1, '{\"title\":\"Kader Bu Ayu (S2)\",\"message\":\" Berhasil menambahkan data anak bernama Baihaqi.\",\"kader_id\":3,\"anak_id\":4,\"posyandu_id\":2}', '2025-05-08 21:46:16', '2025-05-08 05:10:52', '2025-05-08 21:46:16'),
('b4b2b37b-510e-44de-be7d-f60d20f87f08', 'App\\Notifications\\TambahNotifikasi', 'App\\Models\\User', 1, '{\"title\":\"Kader Bu Ayu (S2)\",\"message\":\" Berhasil menambahkan data anak bernama Syofiah.\",\"kader_id\":3,\"anak_id\":6,\"posyandu_id\":2}', '2025-05-08 21:46:16', '2025-05-08 21:25:21', '2025-05-08 21:46:16'),
('b6bce986-94fc-4e23-83d8-36fbffcb49e7', 'App\\Notifications\\TambahNotifikasi', 'App\\Models\\User', 1, '{\"title\":\"Kader Bu Rosa (S1)\",\"message\":\" Berhasil menambahkan data anak bernama Ahmad 2.\",\"kader_id\":2,\"anak_id\":2,\"posyandu_id\":1}', '2025-05-07 04:13:38', '2025-04-24 17:43:41', '2025-05-07 04:13:38'),
('caba8f30-3036-4dc3-94bd-94841266a4b2', 'App\\Notifications\\TambahNotifikasi', 'App\\Models\\User', 1, '{\"title\":\"Kader Bu Fitri (S11)\",\"message\":\" Berhasil menambahkan data anak bernama Auren.\",\"kader_id\":8,\"anak_id\":73,\"posyandu_id\":17}', NULL, '2025-10-20 00:00:35', '2025-10-20 00:00:35'),
('cd0cc687-cdc6-4a65-9cb3-6c5bfcd167a0', 'App\\Notifications\\TambahNotifikasi', 'App\\Models\\User', 1, '{\"title\":\"Kader Bu Rosa (S1)\",\"message\":\" Berhasil menambahkan data anak bernama Ahmad.\",\"kader_id\":2,\"anak_id\":1,\"posyandu_id\":1}', '2025-04-18 02:05:38', '2025-04-16 23:34:37', '2025-04-18 02:05:38'),
('ff8dcbf9-a436-4346-95cf-6f3a99b664d2', 'App\\Notifications\\TambahNotifikasi', 'App\\Models\\User', 1, '{\"title\":\"Kader Bu Rosa (S1)\",\"message\":\" Berhasil menambahkan data anak bernama Kinza.\",\"kader_id\":2,\"anak_id\":8,\"posyandu_id\":1}', '2025-09-21 23:25:49', '2025-09-21 22:07:53', '2025-09-21 23:25:49');

-- --------------------------------------------------------

--
-- Table structure for table `password_reset_tokens`
--

CREATE TABLE `password_reset_tokens` (
  `email` varchar(255) COLLATE utf8mb4_unicode_ci NOT NULL,
  `token` varchar(255) COLLATE utf8mb4_unicode_ci NOT NULL,
  `created_at` timestamp NULL DEFAULT NULL
) ENGINE=InnoDB DEFAULT CHARSET=utf8mb4 COLLATE=utf8mb4_unicode_ci;

-- --------------------------------------------------------

--
-- Table structure for table `personal_access_tokens`
--

CREATE TABLE `personal_access_tokens` (
  `id` bigint UNSIGNED NOT NULL,
  `tokenable_type` varchar(255) COLLATE utf8mb4_unicode_ci NOT NULL,
  `tokenable_id` bigint UNSIGNED NOT NULL,
  `name` varchar(255) COLLATE utf8mb4_unicode_ci NOT NULL,
  `token` varchar(64) COLLATE utf8mb4_unicode_ci NOT NULL,
  `abilities` text COLLATE utf8mb4_unicode_ci,
  `last_used_at` timestamp NULL DEFAULT NULL,
  `expires_at` timestamp NULL DEFAULT NULL,
  `created_at` timestamp NULL DEFAULT NULL,
  `updated_at` timestamp NULL DEFAULT NULL
) ENGINE=InnoDB DEFAULT CHARSET=utf8mb4 COLLATE=utf8mb4_unicode_ci;

-- --------------------------------------------------------

--
-- Table structure for table `pesans`
--

CREATE TABLE `pesans` (
  `id` bigint UNSIGNED NOT NULL,
  `posyandu_id` bigint UNSIGNED NOT NULL,
  `judul` varchar(255) COLLATE utf8mb4_unicode_ci NOT NULL,
  `isi` text COLLATE utf8mb4_unicode_ci NOT NULL,
  `terbaca` tinyint(1) NOT NULL DEFAULT '0',
  `created_at` timestamp NULL DEFAULT NULL,
  `updated_at` timestamp NULL DEFAULT NULL
) ENGINE=InnoDB DEFAULT CHARSET=utf8mb4 COLLATE=utf8mb4_unicode_ci;

--
-- Dumping data for table `pesans`
--

INSERT INTO `pesans` (`id`, `posyandu_id`, `judul`, `isi`, `terbaca`, `created_at`, `updated_at`) VALUES
(25, 5, 'Pengingat Pelaporan', 'Mohon segera melaporkan data bulan October 2025', 1, '2025-10-04 00:44:25', '2025-10-04 02:57:16'),
(26, 6, 'Pengingat Pelaporan', 'Mohon segera melaporkan data bulan October 2025', 1, '2025-10-04 00:44:25', '2025-10-04 04:58:55'),
(27, 7, 'Pengingat Pelaporan', 'Mohon segera melaporkan data bulan October 2025', 0, '2025-10-04 00:44:25', '2025-10-04 00:44:25'),
(28, 8, 'Pengingat Pelaporan', 'Mohon segera melaporkan data bulan October 2025', 1, '2025-10-04 00:44:25', '2025-10-20 00:45:29'),
(29, 9, 'Pengingat Pelaporan', 'Mohon segera melaporkan data bulan October 2025', 0, '2025-10-04 00:44:25', '2025-10-04 00:44:25'),
(30, 10, 'Pengingat Pelaporan', 'Mohon segera melaporkan data bulan October 2025', 0, '2025-10-04 00:44:25', '2025-10-04 00:44:25'),
(31, 11, 'Pengingat Pelaporan', 'Mohon segera melaporkan data bulan October 2025', 0, '2025-10-04 00:44:25', '2025-10-04 00:44:25'),
(32, 12, 'Pengingat Pelaporan', 'Mohon segera melaporkan data bulan October 2025', 0, '2025-10-04 00:44:25', '2025-10-04 00:44:25');

-- --------------------------------------------------------

--
-- Table structure for table `posyandu`
--

CREATE TABLE `posyandu` (
  `id` bigint UNSIGNED NOT NULL,
  `nama` varchar(255) COLLATE utf8mb4_unicode_ci NOT NULL,
  `created_at` timestamp NULL DEFAULT NULL,
  `updated_at` timestamp NULL DEFAULT NULL
) ENGINE=InnoDB DEFAULT CHARSET=utf8mb4 COLLATE=utf8mb4_unicode_ci;

--
-- Dumping data for table `posyandu`
--

INSERT INTO `posyandu` (`id`, `nama`, `created_at`, `updated_at`) VALUES
(1, 'Sartika 1', '2025-04-09 20:33:02', '2025-04-09 20:35:33'),
(5, 'Sartika 2', '2025-09-22 04:02:57', '2025-09-22 04:02:57'),
(6, 'Sartika 3', '2025-09-22 04:02:57', '2025-09-22 04:02:57'),
(7, 'Sartika 4', '2025-09-22 04:02:57', '2025-09-22 04:02:57'),
(8, 'Sartika 5', '2025-09-22 04:02:57', '2025-09-22 04:02:57'),
(9, 'Sartika 6', '2025-09-22 04:02:57', '2025-09-22 04:02:57'),
(10, 'Sartika 7', '2025-09-22 04:02:57', '2025-09-22 04:02:57'),
(11, 'Sartika 8', '2025-09-22 04:02:57', '2025-09-22 04:02:57'),
(12, 'Sartika 9', '2025-09-22 04:02:57', '2025-09-22 04:02:57'),
(14, 'Sartika 10', '2025-10-11 08:10:58', '2025-10-11 08:10:58'),
(17, 'Sartika 11', '2025-10-17 03:51:16', '2025-10-17 03:51:16');

-- --------------------------------------------------------

--
-- Table structure for table `tb_stunting_standar`
--

CREATE TABLE `tb_stunting_standar` (
  `id` bigint UNSIGNED NOT NULL,
  `jenis_kelamin` enum('L','P') COLLATE utf8mb4_unicode_ci NOT NULL,
  `umur_bulan` tinyint UNSIGNED NOT NULL,
  `sd_min_3` double(8,2) NOT NULL,
  `sd_min_2` double(8,2) NOT NULL,
  `sd_min_1` double(8,2) NOT NULL,
  `median` double(8,2) NOT NULL,
  `sd_plus_1` double(8,2) NOT NULL,
  `sd_plus_2` double(8,2) NOT NULL,
  `sd_plus_3` double(8,2) NOT NULL,
  `created_at` timestamp NULL DEFAULT NULL,
  `updated_at` timestamp NULL DEFAULT NULL
) ENGINE=InnoDB DEFAULT CHARSET=utf8mb4 COLLATE=utf8mb4_unicode_ci;

--
-- Dumping data for table `tb_stunting_standar`
--

INSERT INTO `tb_stunting_standar` (`id`, `jenis_kelamin`, `umur_bulan`, `sd_min_3`, `sd_min_2`, `sd_min_1`, `median`, `sd_plus_1`, `sd_plus_2`, `sd_plus_3`, `created_at`, `updated_at`) VALUES
(1, 'L', 0, 44.20, 46.10, 48.00, 49.90, 51.80, 53.70, 55.60, '2025-05-13 21:13:48', '2025-05-13 21:13:48'),
(2, 'L', 1, 48.90, 50.80, 52.80, 54.70, 56.70, 58.60, 60.60, '2025-05-13 21:13:48', '2025-05-13 21:13:48'),
(3, 'L', 2, 52.40, 54.40, 56.80, 58.40, 60.40, 62.40, 64.40, '2025-05-13 21:13:48', '2025-05-13 21:13:48'),
(4, 'L', 3, 55.30, 57.30, 59.40, 61.40, 63.50, 65.50, 67.60, '2025-05-13 21:13:48', '2025-05-13 21:13:48'),
(5, 'L', 4, 57.60, 59.70, 61.80, 63.90, 66.00, 68.00, 70.20, '2025-05-13 21:13:48', '2025-05-13 21:13:48'),
(6, 'L', 5, 59.60, 61.70, 63.80, 65.90, 68.00, 70.10, 72.20, '2025-05-13 21:13:48', '2025-05-13 21:13:48'),
(7, 'L', 6, 61.20, 63.30, 65.50, 67.60, 69.80, 71.90, 74.00, '2025-05-13 21:13:48', '2025-05-13 21:13:48'),
(8, 'L', 7, 62.70, 64.80, 67.00, 69.20, 71.30, 73.50, 75.70, '2025-05-13 21:13:48', '2025-05-13 21:13:48'),
(9, 'L', 8, 64.00, 66.20, 68.40, 70.60, 72.80, 75.00, 77.20, '2025-05-13 21:13:48', '2025-05-13 21:13:48'),
(10, 'L', 9, 65.20, 67.50, 69.70, 72.00, 74.20, 76.50, 78.70, '2025-05-13 21:13:48', '2025-05-13 21:13:48'),
(11, 'L', 10, 66.40, 68.70, 71.00, 73.30, 75.60, 77.90, 80.10, '2025-05-13 21:13:48', '2025-05-13 21:13:48'),
(12, 'L', 11, 67.60, 69.90, 72.20, 74.50, 76.90, 79.20, 81.50, '2025-05-13 21:13:48', '2025-05-13 21:13:48'),
(13, 'L', 12, 68.60, 71.00, 73.40, 75.70, 78.10, 80.50, 82.90, '2025-05-13 21:13:48', '2025-05-13 21:13:48'),
(14, 'L', 13, 69.60, 72.10, 74.50, 76.80, 79.30, 81.80, 84.30, '2025-05-13 21:13:48', '2025-05-13 21:13:48'),
(15, 'L', 14, 70.60, 73.10, 75.60, 78.00, 80.50, 83.00, 85.50, '2025-05-13 21:13:48', '2025-05-13 21:13:48'),
(16, 'L', 15, 71.60, 74.10, 76.60, 79.10, 81.70, 84.20, 86.70, '2025-05-13 21:13:48', '2025-05-13 21:13:48'),
(17, 'L', 16, 72.50, 75.00, 77.60, 80.20, 82.80, 85.40, 88.00, '2025-05-13 21:13:48', '2025-05-13 21:13:48'),
(18, 'L', 17, 73.30, 76.00, 78.60, 81.20, 83.90, 86.50, 89.20, '2025-05-13 21:13:48', '2025-05-13 21:13:48'),
(19, 'L', 18, 74.20, 76.90, 79.60, 82.30, 85.00, 87.70, 90.50, '2025-05-13 21:13:48', '2025-05-13 21:13:48'),
(20, 'L', 19, 75.00, 77.70, 80.50, 83.20, 86.00, 88.80, 91.60, '2025-05-13 21:13:48', '2025-05-13 21:13:48'),
(21, 'L', 20, 75.80, 78.60, 81.40, 84.10, 87.00, 89.90, 92.70, '2025-05-13 21:13:48', '2025-05-13 21:13:48'),
(22, 'L', 21, 76.50, 79.40, 82.30, 85.10, 88.00, 91.00, 93.90, '2025-05-13 21:13:48', '2025-05-13 21:13:48'),
(23, 'L', 22, 77.20, 80.20, 83.10, 86.00, 89.00, 91.90, 94.90, '2025-05-13 21:13:48', '2025-05-13 21:13:48'),
(24, 'L', 23, 78.00, 81.00, 83.90, 86.90, 89.90, 92.90, 95.90, '2025-05-13 21:13:48', '2025-05-13 21:13:48'),
(25, 'L', 24, 78.70, 81.70, 84.80, 87.80, 90.90, 93.90, 97.00, '2025-05-13 21:13:48', '2025-05-13 21:13:48'),
(26, 'L', 25, 78.60, 81.70, 84.90, 88.00, 91.10, 94.20, 97.30, '2025-05-13 21:13:48', '2025-05-13 21:13:48'),
(27, 'L', 26, 79.30, 82.50, 85.60, 88.80, 92.00, 95.20, 98.30, '2025-05-13 21:13:48', '2025-05-13 21:13:48'),
(28, 'L', 27, 79.90, 83.10, 86.40, 89.60, 92.90, 96.10, 99.20, '2025-05-13 21:13:48', '2025-05-13 21:13:48'),
(29, 'L', 28, 80.50, 83.80, 87.10, 90.30, 93.70, 96.90, 100.00, '2025-05-13 21:13:48', '2025-05-13 21:13:48'),
(30, 'L', 29, 81.10, 84.50, 87.80, 91.20, 94.50, 97.90, 101.10, '2025-05-13 21:13:48', '2025-05-13 21:13:48'),
(31, 'L', 30, 81.70, 85.10, 88.50, 91.90, 95.30, 98.70, 102.10, '2025-05-13 21:13:48', '2025-05-13 21:13:48'),
(32, 'L', 31, 82.30, 85.70, 89.20, 92.70, 96.10, 99.60, 103.00, '2025-05-13 21:13:48', '2025-05-13 21:13:48'),
(33, 'L', 32, 82.80, 86.40, 89.90, 93.40, 96.90, 100.40, 103.90, '2025-05-13 21:13:48', '2025-05-13 21:13:48'),
(34, 'L', 33, 83.40, 86.90, 90.50, 94.10, 97.60, 101.20, 104.80, '2025-05-13 21:13:48', '2025-05-13 21:13:48'),
(35, 'L', 34, 83.90, 87.50, 91.10, 94.80, 98.40, 101.90, 105.60, '2025-05-13 21:13:48', '2025-05-13 21:13:48'),
(36, 'L', 35, 84.40, 88.10, 91.80, 95.40, 99.10, 102.70, 106.50, '2025-05-13 21:13:48', '2025-05-13 21:13:48'),
(37, 'L', 36, 85.00, 88.70, 92.40, 96.10, 99.80, 103.50, 107.30, '2025-05-13 21:13:48', '2025-05-13 21:13:48'),
(38, 'L', 37, 85.50, 89.20, 93.00, 96.70, 100.50, 104.20, 108.00, '2025-05-13 21:13:48', '2025-05-13 21:13:48'),
(39, 'L', 38, 86.00, 89.80, 93.70, 97.40, 101.20, 105.00, 108.80, '2025-05-13 21:13:48', '2025-05-13 21:13:48'),
(40, 'L', 39, 86.50, 90.30, 94.30, 98.00, 101.80, 105.70, 109.50, '2025-05-13 21:13:48', '2025-05-13 21:13:48'),
(41, 'L', 40, 87.00, 90.90, 94.70, 98.60, 102.50, 106.40, 110.20, '2025-05-13 21:13:48', '2025-05-13 21:13:48'),
(42, 'L', 41, 87.50, 91.40, 95.30, 99.20, 103.20, 107.10, 111.00, '2025-05-13 21:13:48', '2025-05-13 21:13:48'),
(43, 'L', 42, 88.00, 91.90, 95.90, 99.90, 103.80, 107.80, 111.70, '2025-05-13 21:13:48', '2025-05-13 21:13:48'),
(44, 'L', 43, 88.40, 92.40, 96.40, 100.40, 104.50, 108.50, 112.50, '2025-05-13 21:13:48', '2025-05-13 21:13:48'),
(45, 'L', 44, 88.90, 93.00, 97.00, 101.00, 105.10, 109.10, 113.20, '2025-05-13 21:13:48', '2025-05-13 21:13:48'),
(46, 'L', 45, 89.40, 93.50, 97.50, 101.60, 105.70, 109.80, 113.90, '2025-05-13 21:13:48', '2025-05-13 21:13:48'),
(47, 'L', 46, 89.90, 94.00, 98.10, 102.20, 106.30, 110.40, 114.60, '2025-05-13 21:13:48', '2025-05-13 21:13:48'),
(48, 'L', 47, 90.30, 94.40, 98.60, 102.80, 106.90, 111.10, 115.20, '2025-05-13 21:13:48', '2025-05-13 21:13:48'),
(49, 'L', 48, 90.70, 94.90, 99.10, 103.30, 107.50, 111.70, 115.90, '2025-05-13 21:13:48', '2025-05-13 21:13:48'),
(50, 'L', 49, 91.20, 95.40, 99.70, 103.90, 108.10, 112.40, 116.50, '2025-05-13 21:13:48', '2025-05-13 21:13:48'),
(51, 'L', 50, 91.60, 95.90, 100.20, 104.40, 108.70, 113.00, 117.20, '2025-05-13 21:13:48', '2025-05-13 21:13:48'),
(52, 'L', 51, 92.10, 96.40, 100.70, 105.00, 109.30, 113.60, 117.80, '2025-05-13 21:13:48', '2025-05-13 21:13:48'),
(53, 'L', 52, 92.50, 96.90, 101.20, 105.60, 109.90, 114.20, 118.40, '2025-05-13 21:13:48', '2025-05-13 21:13:48'),
(54, 'L', 53, 93.00, 97.40, 101.70, 106.10, 110.50, 114.90, 119.00, '2025-05-13 21:13:48', '2025-05-13 21:13:48'),
(55, 'L', 54, 93.40, 97.80, 102.30, 106.70, 111.10, 115.50, 119.90, '2025-05-13 21:13:48', '2025-05-13 21:13:48'),
(56, 'L', 55, 93.90, 98.30, 102.80, 107.20, 111.70, 116.10, 120.60, '2025-05-13 21:13:48', '2025-05-13 21:13:48'),
(57, 'L', 56, 94.30, 98.80, 103.30, 107.80, 112.30, 116.70, 121.20, '2025-05-13 21:13:48', '2025-05-13 21:13:48'),
(58, 'L', 57, 94.70, 99.30, 103.80, 108.30, 112.80, 117.40, 121.90, '2025-05-13 21:13:48', '2025-05-13 21:13:48'),
(59, 'L', 58, 95.20, 99.70, 104.30, 108.90, 113.40, 118.00, 122.60, '2025-05-13 21:13:48', '2025-05-13 21:13:48'),
(60, 'L', 59, 95.60, 100.20, 104.80, 109.40, 114.00, 118.60, 123.20, '2025-05-13 21:13:48', '2025-05-13 21:13:48'),
(61, 'L', 60, 96.10, 100.70, 105.30, 110.00, 114.60, 119.20, 123.90, '2025-05-13 21:13:48', '2025-05-13 21:13:48'),
(62, 'P', 0, 43.60, 45.40, 47.30, 49.10, 51.00, 52.90, 54.70, '2025-05-13 21:13:48', '2025-05-13 21:13:48'),
(63, 'P', 1, 47.80, 49.80, 51.70, 53.70, 55.60, 57.60, 59.50, '2025-05-13 21:13:48', '2025-05-13 21:13:48'),
(64, 'P', 2, 51.00, 53.00, 55.00, 57.10, 59.10, 61.10, 63.20, '2025-05-13 21:13:48', '2025-05-13 21:13:48'),
(65, 'P', 3, 53.50, 55.60, 57.70, 59.80, 61.90, 64.00, 66.10, '2025-05-13 21:13:48', '2025-05-13 21:13:48'),
(66, 'P', 4, 55.60, 57.80, 59.90, 62.10, 64.30, 66.40, 68.10, '2025-05-13 21:13:48', '2025-05-13 21:13:48'),
(67, 'P', 5, 57.40, 59.60, 61.80, 64.00, 66.20, 68.30, 70.50, '2025-05-13 21:13:48', '2025-05-13 21:13:48'),
(68, 'P', 6, 58.90, 61.20, 63.50, 65.70, 67.90, 70.00, 72.50, '2025-05-13 21:13:48', '2025-05-13 21:13:48'),
(69, 'P', 7, 60.30, 62.70, 65.00, 67.30, 69.60, 71.60, 74.00, '2025-05-13 21:13:48', '2025-05-13 21:13:48'),
(70, 'P', 8, 61.70, 64.00, 66.40, 68.70, 71.10, 73.50, 75.40, '2025-05-13 21:13:48', '2025-05-13 21:13:48'),
(71, 'P', 9, 62.90, 65.30, 67.70, 70.10, 72.60, 75.00, 77.40, '2025-05-13 21:13:48', '2025-05-13 21:13:48'),
(72, 'P', 10, 64.10, 66.50, 69.00, 71.50, 73.90, 76.40, 78.90, '2025-05-13 21:13:48', '2025-05-13 21:13:48'),
(73, 'P', 11, 65.20, 67.70, 70.30, 72.80, 75.30, 77.80, 81.00, '2025-05-13 21:13:48', '2025-05-13 21:13:48'),
(74, 'P', 12, 66.30, 68.90, 71.40, 74.00, 76.60, 79.20, 81.70, '2025-05-13 21:13:48', '2025-05-13 21:13:48'),
(75, 'P', 13, 67.30, 70.00, 72.60, 75.20, 77.80, 80.60, 83.10, '2025-05-13 21:13:48', '2025-05-13 21:13:48'),
(76, 'P', 14, 68.30, 71.00, 73.70, 76.40, 79.10, 81.70, 84.40, '2025-05-13 21:13:48', '2025-05-13 21:13:48'),
(77, 'P', 15, 69.30, 72.00, 74.80, 77.50, 80.20, 83.00, 85.70, '2025-05-13 21:13:48', '2025-05-13 21:13:48'),
(78, 'P', 16, 70.20, 73.00, 75.80, 78.60, 81.40, 84.20, 87.00, '2025-05-13 21:13:48', '2025-05-13 21:13:48'),
(79, 'P', 17, 71.10, 74.00, 76.80, 79.70, 82.50, 85.40, 88.40, '2025-05-13 21:13:48', '2025-05-13 21:13:48'),
(80, 'P', 18, 72.00, 74.90, 77.80, 80.70, 83.60, 86.50, 89.40, '2025-05-13 21:13:48', '2025-05-13 21:13:48'),
(81, 'P', 19, 72.80, 75.80, 78.80, 81.70, 84.70, 87.60, 90.60, '2025-05-13 21:13:48', '2025-05-13 21:13:48'),
(82, 'P', 20, 73.70, 76.70, 79.70, 82.70, 85.70, 88.70, 91.70, '2025-05-13 21:13:48', '2025-05-13 21:13:48'),
(83, 'P', 21, 74.50, 77.50, 80.60, 83.70, 86.70, 89.80, 92.90, '2025-05-13 21:13:48', '2025-05-13 21:13:48'),
(84, 'P', 22, 75.20, 78.40, 81.50, 84.60, 87.70, 90.80, 94.00, '2025-05-13 21:13:48', '2025-05-13 21:13:48'),
(85, 'P', 23, 76.00, 79.20, 82.30, 85.50, 88.70, 91.90, 95.00, '2025-05-13 21:13:48', '2025-05-13 21:13:48'),
(86, 'P', 24, 76.70, 80.00, 83.20, 86.40, 89.60, 92.90, 96.10, '2025-05-13 21:13:48', '2025-05-13 21:13:48'),
(87, 'P', 25, 76.80, 80.00, 83.30, 86.60, 88.90, 93.10, 96.40, '2025-05-13 21:13:48', '2025-05-13 21:13:48'),
(88, 'P', 26, 77.50, 80.80, 84.10, 87.40, 90.00, 94.10, 97.40, '2025-05-13 21:13:48', '2025-05-13 21:13:48'),
(89, 'P', 27, 78.10, 81.50, 84.90, 88.30, 91.70, 95.00, 98.30, '2025-05-13 21:13:48', '2025-05-13 21:13:48'),
(90, 'P', 28, 78.80, 82.20, 85.70, 89.10, 92.50, 96.00, 99.40, '2025-05-13 21:13:48', '2025-05-13 21:13:48'),
(91, 'P', 29, 79.50, 82.90, 86.40, 89.90, 93.40, 96.90, 100.30, '2025-05-13 21:13:48', '2025-05-13 21:13:48'),
(92, 'P', 30, 80.10, 83.60, 87.10, 90.70, 94.20, 97.70, 101.30, '2025-05-13 21:13:48', '2025-05-13 21:13:48'),
(93, 'P', 31, 80.70, 84.30, 87.90, 91.40, 95.00, 98.60, 102.20, '2025-05-13 21:13:48', '2025-05-13 21:13:48'),
(94, 'P', 32, 81.30, 84.90, 88.60, 92.20, 95.80, 99.50, 103.10, '2025-05-13 21:13:48', '2025-05-13 21:13:48'),
(95, 'P', 33, 81.90, 85.60, 89.30, 92.90, 96.60, 100.30, 103.90, '2025-05-13 21:13:48', '2025-05-13 21:13:48'),
(96, 'P', 34, 82.50, 86.20, 89.90, 93.60, 97.40, 101.10, 104.80, '2025-05-13 21:13:48', '2025-05-13 21:13:48'),
(97, 'P', 35, 83.10, 86.80, 90.60, 94.40, 98.10, 101.90, 105.60, '2025-05-13 21:13:48', '2025-05-13 21:13:48'),
(98, 'P', 36, 83.60, 87.40, 91.20, 95.10, 98.90, 102.70, 106.50, '2025-05-13 21:13:48', '2025-05-13 21:13:48'),
(99, 'P', 37, 84.20, 88.00, 91.90, 95.70, 99.60, 103.40, 107.30, '2025-05-13 21:13:48', '2025-05-13 21:13:48'),
(100, 'P', 38, 84.70, 88.60, 92.50, 96.40, 100.30, 104.20, 108.10, '2025-05-13 21:13:48', '2025-05-13 21:13:48'),
(101, 'P', 39, 85.30, 89.20, 93.10, 97.10, 101.00, 105.00, 108.90, '2025-05-13 21:13:48', '2025-05-13 21:13:48'),
(102, 'P', 40, 85.80, 89.80, 93.80, 97.70, 101.70, 105.70, 109.70, '2025-05-13 21:13:48', '2025-05-13 21:13:48'),
(103, 'P', 41, 86.30, 90.40, 94.40, 98.40, 102.40, 106.40, 110.50, '2025-05-13 21:13:48', '2025-05-13 21:13:48'),
(104, 'P', 42, 86.80, 90.90, 95.00, 99.00, 103.10, 107.20, 111.20, '2025-05-13 21:13:48', '2025-05-13 21:13:48'),
(105, 'P', 43, 87.40, 91.50, 95.60, 99.70, 103.80, 107.90, 112.00, '2025-05-13 21:13:48', '2025-05-13 21:13:48'),
(106, 'P', 44, 87.90, 92.00, 96.20, 100.30, 104.50, 108.60, 112.70, '2025-05-13 21:13:48', '2025-05-13 21:13:48'),
(107, 'P', 45, 88.40, 92.50, 96.70, 100.90, 105.10, 109.30, 113.50, '2025-05-13 21:13:48', '2025-05-13 21:13:48'),
(108, 'P', 46, 88.90, 93.10, 97.30, 101.50, 105.80, 110.00, 114.20, '2025-05-13 21:13:48', '2025-05-13 21:13:48'),
(109, 'P', 47, 89.30, 93.60, 97.90, 102.10, 106.40, 110.70, 114.90, '2025-05-13 21:13:48', '2025-05-13 21:13:48'),
(110, 'P', 48, 89.80, 94.10, 98.40, 102.70, 107.00, 111.30, 115.70, '2025-05-13 21:13:48', '2025-05-13 21:13:48'),
(111, 'P', 49, 90.30, 94.60, 99.00, 103.30, 107.70, 112.00, 116.40, '2025-05-13 21:13:48', '2025-05-13 21:13:48'),
(112, 'P', 50, 90.70, 95.10, 99.50, 103.90, 108.30, 112.70, 117.10, '2025-05-13 21:13:48', '2025-05-13 21:13:48'),
(113, 'P', 51, 91.20, 95.60, 100.10, 104.50, 108.90, 113.30, 117.70, '2025-05-13 21:13:48', '2025-05-13 21:13:48'),
(114, 'P', 52, 91.70, 96.10, 100.60, 105.00, 109.50, 114.00, 118.40, '2025-05-13 21:13:48', '2025-05-13 21:13:48'),
(115, 'P', 53, 92.10, 96.60, 101.10, 105.60, 110.10, 114.60, 119.10, '2025-05-13 21:13:48', '2025-05-13 21:13:48'),
(116, 'P', 54, 92.60, 97.10, 101.60, 106.20, 110.70, 115.20, 119.80, '2025-05-13 21:13:48', '2025-05-13 21:13:48'),
(117, 'P', 55, 93.00, 97.60, 102.20, 106.70, 111.30, 115.90, 120.40, '2025-05-13 21:13:48', '2025-05-13 21:13:48'),
(118, 'P', 56, 93.40, 98.10, 102.70, 107.30, 111.90, 116.50, 121.10, '2025-05-13 21:13:48', '2025-05-13 21:13:48'),
(119, 'P', 57, 93.90, 98.50, 103.20, 107.80, 112.50, 117.10, 121.80, '2025-05-13 21:13:48', '2025-05-13 21:13:48'),
(120, 'P', 58, 94.30, 99.00, 103.70, 108.40, 113.00, 117.70, 122.40, '2025-05-13 21:13:48', '2025-05-13 21:13:48'),
(121, 'P', 59, 94.70, 99.50, 104.20, 108.90, 113.60, 118.30, 123.10, '2025-05-13 21:13:48', '2025-05-13 21:13:48'),
(122, 'P', 60, 95.20, 99.90, 104.70, 109.40, 114.20, 118.90, 123.70, '2025-05-13 21:13:48', '2025-05-13 21:13:48');

-- --------------------------------------------------------

--
-- Table structure for table `users`
--

CREATE TABLE `users` (
  `id` bigint UNSIGNED NOT NULL,
  `name` varchar(255) COLLATE utf8mb4_unicode_ci NOT NULL,
  `email` varchar(255) COLLATE utf8mb4_unicode_ci NOT NULL,
  `password` varchar(255) COLLATE utf8mb4_unicode_ci NOT NULL,
  `remember_token` varchar(100) COLLATE utf8mb4_unicode_ci DEFAULT NULL,
  `role` enum('admin','kader') COLLATE utf8mb4_unicode_ci NOT NULL DEFAULT 'admin',
  `posyandu_id` bigint UNSIGNED DEFAULT NULL,
  `created_at` timestamp NULL DEFAULT NULL,
  `updated_at` timestamp NULL DEFAULT NULL
) ENGINE=InnoDB DEFAULT CHARSET=utf8mb4 COLLATE=utf8mb4_unicode_ci;

--
-- Dumping data for table `users`
--

INSERT INTO `users` (`id`, `name`, `email`, `password`, `remember_token`, `role`, `posyandu_id`, `created_at`, `updated_at`) VALUES
(1, 'Nahdiah', 'nad@gmail.com', '$2y$10$oeZL9bvpWlxGbxrNvAAyPu3Zanb2H.Zym3o5cFF6Dv3ieGQTF3hDC', 'MaOMmhZjm8MEi7GIEHjORJra5ZcVmGfOwITWsSUYPaNrRaeM9ag9C4rRdqPC', 'admin', NULL, '2025-04-09 20:23:29', '2025-10-21 19:55:36'),
(2, 'Bu Rosa (S1)', 'Sartika1@gmail.com', '$2y$10$E0A7JYc5DCB39KOePsJ.FubsfQeVu3edZ5vGJ4N2CTBZGpuY/ExQq', 'wX69pjc3x9jzgfhe1nU7sjPOBkVTTbZ7Sv1RlKPmOOS08gVQ9Ovq4s0DdpWD', 'kader', 1, '2025-04-09 20:47:39', '2025-10-17 07:43:19'),
(5, 'Bu Ayu (S2)', 'Sartika2@gmail.com', '$2y$10$fTgvwxhZo0p05di8iplkIe7hmE2OOiuoQI7u2BRN/khFwCS2C9kd2', NULL, 'kader', 5, '2025-09-23 06:58:31', '2025-09-23 06:58:31'),
(6, 'Pak somat (S3)', 'Sartika3@gmail.com', '$2y$10$gAshb3AYfYJO3jLgVYSVX.14X2Ytc9JMnbUOYFThVaBUT9nKeH0YK', NULL, 'kader', 6, '2025-10-04 04:38:27', '2025-10-04 04:38:27'),
(8, 'Bu Fitri (S11)', 'Sartika11@gmail.com', '$2y$10$gDqOE0LfCoj0UOyniiJeUOKm4CbfqwJ/z4ZgVoF8/dicBFPxtEVj2', 'bdHZV8rVPtquWODan77TVh6Kw0k1Nq0O3CHNBvXQnyx2IjJ4gwjl2waeGtRx', 'kader', 17, '2025-10-17 08:37:03', '2025-10-21 20:09:16'),
(18, 'Reylanda', 'rey@gmail.com', '$2y$10$wlxKTLQsXKaFr6xCknf7Fum6h2QoodmJbFOedWIjcBWrHFMCtiecS', NULL, 'admin', NULL, '2025-10-30 15:36:06', '2025-10-30 15:36:06');

--
-- Indexes for dumped tables
--

--
-- Indexes for table `anak`
--
ALTER TABLE `anak`
  ADD PRIMARY KEY (`id`),
  ADD UNIQUE KEY `anak_nik_unique` (`nik`),
  ADD KEY `anak_posyandu_id_foreign` (`posyandu_id`);

--
-- Indexes for table `bumil`
--
ALTER TABLE `bumil`
  ADD PRIMARY KEY (`id`),
  ADD UNIQUE KEY `bumil_nik_unique` (`nik`),
  ADD KEY `bumil_posyandu_id_foreign` (`posyandu_id`);

--
-- Indexes for table `data`
--
ALTER TABLE `data`
  ADD PRIMARY KEY (`id`);

--
-- Indexes for table `failed_jobs`
--
ALTER TABLE `failed_jobs`
  ADD PRIMARY KEY (`id`),
  ADD UNIQUE KEY `failed_jobs_uuid_unique` (`uuid`);

--
-- Indexes for table `laporan_anak_bulanan`
--
ALTER TABLE `laporan_anak_bulanan`
  ADD PRIMARY KEY (`id`),
  ADD KEY `laporan_anak_bulanan_anak_id_foreign` (`anak_id`);

--
-- Indexes for table `laporan_bulanan_posyandu`
--
ALTER TABLE `laporan_bulanan_posyandu`
  ADD PRIMARY KEY (`id`),
  ADD UNIQUE KEY `laporan_bulanan_posyandu_posyandu_id_tanggal_laporan_unique` (`posyandu_id`,`tanggal_laporan`);

--
-- Indexes for table `migrations`
--
ALTER TABLE `migrations`
  ADD PRIMARY KEY (`id`);

--
-- Indexes for table `notifications`
--
ALTER TABLE `notifications`
  ADD PRIMARY KEY (`id`),
  ADD KEY `notifications_notifiable_type_notifiable_id_index` (`notifiable_type`,`notifiable_id`);

--
-- Indexes for table `password_reset_tokens`
--
ALTER TABLE `password_reset_tokens`
  ADD PRIMARY KEY (`email`);

--
-- Indexes for table `personal_access_tokens`
--
ALTER TABLE `personal_access_tokens`
  ADD PRIMARY KEY (`id`),
  ADD UNIQUE KEY `personal_access_tokens_token_unique` (`token`),
  ADD KEY `personal_access_tokens_tokenable_type_tokenable_id_index` (`tokenable_type`,`tokenable_id`);

--
-- Indexes for table `pesans`
--
ALTER TABLE `pesans`
  ADD PRIMARY KEY (`id`),
  ADD KEY `pesans_posyandu_id_foreign` (`posyandu_id`);

--
-- Indexes for table `posyandu`
--
ALTER TABLE `posyandu`
  ADD PRIMARY KEY (`id`);

--
-- Indexes for table `tb_stunting_standar`
--
ALTER TABLE `tb_stunting_standar`
  ADD PRIMARY KEY (`id`),
  ADD UNIQUE KEY `tb_stunting_standar_jenis_kelamin_umur_bulan_unique` (`jenis_kelamin`,`umur_bulan`);

--
-- Indexes for table `users`
--
ALTER TABLE `users`
  ADD PRIMARY KEY (`id`),
  ADD UNIQUE KEY `users_email_unique` (`email`),
  ADD KEY `users_posyandu_id_foreign` (`posyandu_id`);

--
-- AUTO_INCREMENT for dumped tables
--

--
-- AUTO_INCREMENT for table `anak`
--
ALTER TABLE `anak`
  MODIFY `id` bigint UNSIGNED NOT NULL AUTO_INCREMENT, AUTO_INCREMENT=75;

--
-- AUTO_INCREMENT for table `bumil`
--
ALTER TABLE `bumil`
  MODIFY `id` bigint UNSIGNED NOT NULL AUTO_INCREMENT;

--
-- AUTO_INCREMENT for table `data`
--
ALTER TABLE `data`
  MODIFY `id` bigint UNSIGNED NOT NULL AUTO_INCREMENT;

--
-- AUTO_INCREMENT for table `failed_jobs`
--
ALTER TABLE `failed_jobs`
  MODIFY `id` bigint UNSIGNED NOT NULL AUTO_INCREMENT;

--
-- AUTO_INCREMENT for table `laporan_anak_bulanan`
--
ALTER TABLE `laporan_anak_bulanan`
  MODIFY `id` bigint UNSIGNED NOT NULL AUTO_INCREMENT, AUTO_INCREMENT=230;

--
-- AUTO_INCREMENT for table `laporan_bulanan_posyandu`
--
ALTER TABLE `laporan_bulanan_posyandu`
  MODIFY `id` bigint UNSIGNED NOT NULL AUTO_INCREMENT, AUTO_INCREMENT=49;

--
-- AUTO_INCREMENT for table `migrations`
--
ALTER TABLE `migrations`
  MODIFY `id` int UNSIGNED NOT NULL AUTO_INCREMENT, AUTO_INCREMENT=31;

--
-- AUTO_INCREMENT for table `personal_access_tokens`
--
ALTER TABLE `personal_access_tokens`
  MODIFY `id` bigint UNSIGNED NOT NULL AUTO_INCREMENT;

--
-- AUTO_INCREMENT for table `pesans`
--
ALTER TABLE `pesans`
  MODIFY `id` bigint UNSIGNED NOT NULL AUTO_INCREMENT, AUTO_INCREMENT=34;

--
-- AUTO_INCREMENT for table `posyandu`
--
ALTER TABLE `posyandu`
  MODIFY `id` bigint UNSIGNED NOT NULL AUTO_INCREMENT, AUTO_INCREMENT=20;

--
-- AUTO_INCREMENT for table `tb_stunting_standar`
--
ALTER TABLE `tb_stunting_standar`
  MODIFY `id` bigint UNSIGNED NOT NULL AUTO_INCREMENT, AUTO_INCREMENT=123;

--
-- AUTO_INCREMENT for table `users`
--
ALTER TABLE `users`
  MODIFY `id` bigint UNSIGNED NOT NULL AUTO_INCREMENT, AUTO_INCREMENT=19;

--
-- Constraints for dumped tables
--

--
-- Constraints for table `anak`
--
ALTER TABLE `anak`
  ADD CONSTRAINT `anak_posyandu_id_foreign` FOREIGN KEY (`posyandu_id`) REFERENCES `posyandu` (`id`) ON DELETE CASCADE;

--
-- Constraints for table `bumil`
--
ALTER TABLE `bumil`
  ADD CONSTRAINT `bumil_posyandu_id_foreign` FOREIGN KEY (`posyandu_id`) REFERENCES `posyandu` (`id`) ON DELETE CASCADE;

--
-- Constraints for table `laporan_anak_bulanan`
--
ALTER TABLE `laporan_anak_bulanan`
  ADD CONSTRAINT `laporan_anak_bulanan_anak_id_foreign` FOREIGN KEY (`anak_id`) REFERENCES `anak` (`id`) ON DELETE CASCADE;

--
-- Constraints for table `laporan_bulanan_posyandu`
--
ALTER TABLE `laporan_bulanan_posyandu`
  ADD CONSTRAINT `laporan_bulanan_posyandu_posyandu_id_foreign` FOREIGN KEY (`posyandu_id`) REFERENCES `posyandu` (`id`) ON DELETE CASCADE;

--
-- Constraints for table `pesans`
--
ALTER TABLE `pesans`
  ADD CONSTRAINT `pesans_posyandu_id_foreign` FOREIGN KEY (`posyandu_id`) REFERENCES `posyandu` (`id`) ON DELETE CASCADE;

--
-- Constraints for table `users`
--
ALTER TABLE `users`
  ADD CONSTRAINT `users_posyandu_id_foreign` FOREIGN KEY (`posyandu_id`) REFERENCES `posyandu` (`id`) ON DELETE SET NULL;
COMMIT;

/*!40101 SET CHARACTER_SET_CLIENT=@OLD_CHARACTER_SET_CLIENT */;
/*!40101 SET CHARACTER_SET_RESULTS=@OLD_CHARACTER_SET_RESULTS */;
/*!40101 SET COLLATION_CONNECTION=@OLD_COLLATION_CONNECTION */;
